{
    "Ba Đình": {
        "alleyHousePrice": {
            "1": {
                "metadata": "Ngõ loại 1",
                "min": 46.09360320766372,
                "max": 865.5503638369432,
                "mean": 228.7026097878718
            },
            "2": {
                "metadata": "Ngõ loại 2",
                "min": 32.2655222453646,
                "max": 605.8852546858602,
                "mean": 160.0918268515103
            },
            "3": {
                "metadata": "Ngõ loại 3",
                "min": 25.812417796291683,
                "max": 484.7082037486882,
                "mean": 128.07346148120823
            }
        },
        "streetHousePrice": {
            "metadata": "Nhà ở mặt đường",
            "min": 57.617004009579645,
            "max": 1081.937954796179,
            "mean": 286.30991629816424
        }
    },
    "Hoài Đức": {
        "alleyHousePrice": {
            "1": {
                "metadata": "Ngõ loại 1",
                "min": 27.13623955813962,
                "max": 139.1531580621344,
                "mean": 64.26172899820227
            },
            "2": {
                "metadata": "Ngõ loại 2",
                "min": 18.995367690697734,
                "max": 97.40721064349407,
                "mean": 44.98321029874159
            },
            "3": {
                "metadata": "Ngõ loại 3",
                "min": 15.196294152558188,
                "max": 77.92576851479527,
                "mean": 35.98656823899328
            }
        },
        "streetHousePrice": {
            "metadata": "Nhà ở mặt đường",
            "min": 33.92029944767452,
            "max": 173.941447577668,
            "mean": 80.32716124775284
        }
    },
    "Hoàn Kiếm": {
        "alleyHousePrice": {
            "1": {
                "metadata": "Ngõ loại 1",
                "min": 48.861226235398576,
                "max": 872.8116261305864,
                "mean": 232.45148210671744
            },
            "2": {
                "metadata": "Ngõ loại 2",
                "min": 34.202858364779,
                "max": 610.9681382914105,
                "mean": 162.71603747470218
            },
            "3": {
                "metadata": "Ngõ loại 3",
                "min": 27.3622866918232,
                "max": 488.7745106331284,
                "mean": 130.17282997976176
            }
        },
        "streetHousePrice": {
            "metadata": "Nhà ở mặt đường",
            "min": 61.07653279424822,
            "max": 1104.0268693044736,
            "mean": 295.9411475069491
        }
    },
    "Hoàng Mai": {
        "alleyHousePrice": {
            "1": {
                "metadata": "Ngõ loại 1",
                "min": 28.063958332250074,
                "max": 493.56230192288007,
                "mean": 124.75212838893667
            },
            "2": {
                "metadata": "Ngõ loại 2",
                "min": 19.644770832575052,
                "max": 345.49361134601605,
                "mean": 87.32648987225566
            },
            "3": {
                "metadata": "Ngõ loại 3",
                "min": 15.715816666060043,
                "max": 276.39488907681283,
                "mean": 69.86119189780452
            }
        },
        "streetHousePrice": {
            "metadata": "Nhà ở mặt đường",
            "min": 35.079947915312594,
            "max": 616.9528774036,
            "mean": 156.2973792507845
        }
    },
    "Bắc Từ Liêm": {
        "alleyHousePrice": {
            "1": {
                "metadata": "Ngõ loại 1",
                "min": 27.113958018485253,
                "max": 404.3867374526802,
                "mean": 95.7265290670666
            },
            "2": {
                "metadata": "Ngõ loại 2",
                "min": 18.979770612939674,
                "max": 283.0707162168761,
                "mean": 67.0085703469466
            },
            "3": {
                "metadata": "Ngõ loại 3",
                "min": 15.18381649035174,
                "max": 226.4565729735009,
                "mean": 53.60685627755728
            }
        },
        "streetHousePrice": {
            "metadata": "Nhà ở mặt đường",
            "min": 36.53990096851287,
            "max": 505.4834218158503,
            "mean": 118.86836257369029
        }
    },
    "Long Biên": {
        "alleyHousePrice": {
            "1": {
                "metadata": "Ngõ loại 1",
                "min": 21.969939433897405,
                "max": 740.7784575562472,
                "mean": 92.48649729459329
            },
            "2": {
                "metadata": "Ngõ loại 2",
                "min": 15.378957603728182,
                "max": 518.544920289373,
                "mean": 64.7405481062153
            },
            "3": {
                "metadata": "Ngõ loại 3",
                "min": 12.303166082982546,
                "max": 414.8359362314984,
                "mean": 51.79243848497224
            }
        },
        "streetHousePrice": {
            "metadata": "Nhà ở mặt đường",
            "min": 29.07361448419916,
            "max": 925.973071945309,
            "mean": 115.99611474855593
        }
    },
    "Nam Từ Liêm": {
        "alleyHousePrice": {
            "1": {
                "metadata": "Ngõ loại 1",
                "min": 27.421088057400716,
                "max": 597.9257730746833,
                "mean": 129.82247828510683
            },
            "2": {
                "metadata": "Ngõ loại 2",
                "min": 19.1947616401805,
                "max": 418.5480411522783,
                "mean": 90.87573479957477
            },
            "3": {
                "metadata": "Ngõ loại 3",
                "min": 15.3558093121444,
                "max": 334.8384329218227,
                "mean": 72.70058783965982
            }
        },
        "streetHousePrice": {
            "metadata": "Nhà ở mặt đường",
            "min": 38.4091251904578,
            "max": 747.4072163433541,
            "mean": 162.31023996595064
        }
    },
    "Tây Hồ": {
        "alleyHousePrice": {
            "1": {
                "metadata": "Ngõ loại 1",
                "min": 67.21484867152459,
                "max": 1322.5368542550102,
                "mean": 248.9617550619852
            },
            "2": {
                "metadata": "Ngõ loại 2",
                "min": 47.05039407006721,
                "max": 925.7757979785071,
                "mean": 174.27322854338968
            },
            "3": {
                "metadata": "Ngõ loại 3",
                "min": 37.640315256053775,
                "max": 740.6206383828057,
                "mean": 139.4185828347117
            }
        },
        "streetHousePrice": {
            "metadata": "Nhà ở mặt đường",
            "min": 84.01856083940574,
            "max": 1653.1710678187628,
            "mean": 311.20219382748144
        }
    },
    "Thanh Trì": {
        "alleyHousePrice": {
            "1": {
                "metadata": "Ngõ loại 1",
                "min": 29.400011953434074,
                "max": 388.51403281101324,
                "mean": 81.17110000616753
            },
            "2": {
                "metadata": "Ngõ loại 2",
                "min": 20.58000836740385,
                "max": 271.9598229677093,
                "mean": 56.81977000431728
            },
            "3": {
                "metadata": "Ngõ loại 3",
                "min": 16.46400669392308,
                "max": 217.56785837416743,
                "mean": 45.45581600345382
            }
        },
        "streetHousePrice": {
            "metadata": "Nhà ở mặt đường",
            "min": 36.75001494179259,
            "max": 485.64254101376656,
            "mean": 101.20055149754535
        }
    },
    "Thanh Xuân": {
        "alleyHousePrice": {
            "1": {
                "metadata": "Ngõ loại 1",
                "min": 51.011612961340994,