{
    "Ba Đình": {
        "alleyHousePrice": {
            "1": {
                "metadata": "Ngõ loại 1",
                "min": 18.49850546879862,
                "max": 865.5503638369432,
                "mean": 187.99996121230475
            },
            "2": {
                "metadata": "Ngõ loại 2",
                "min": 12.948953828159032,
                "max": 605.8852546858602,
                "mean": 131.59997284861333
            },
            "3": {
                "metadata": "Ngõ loại 3",
                "min": 10.359163062527227,
                "max": 484.7082037486882,
                "mean": 105.27997827889067
            }
        },
        "streetHousePrice": {
            "metadata": "Nhà ở mặt đường",
            "min": 23.128565921387242,
            "max": 1081.937954796179,
            "mean": 235.32544071944923
        }
    },
    "Hoài Đức": {
        "alleyHousePrice": {
            "1": {
                "metadata": "Ngõ loại 1",
                "min": 27.13623955813962,
                "max": 139.1531580621344,
                "mean": 64.26172899820227
            },
            "2": {
                "metadata": "Ngõ loại 2",
                "min": 18.995367690697734,
                "max": 97.40721064349407,
                "mean": 44.98321029874159
            },
            "3": {
                "metadata": "Ngõ loại 3",
                "min": 15.196294152558188,
                "max": 77.92576851479527,
                "mean": 35.98656823899328
            }
        },
        "streetHousePrice": {
            "metadata": "Nhà ở mặt đường",
            "min": 33.92029944767452,
            "max": 173.941447577668,
            "mean": 80.32716124775284
        }
    },
    "Hoàn Kiếm": {
        "alleyHousePrice": {
            "1": {
                "metadata": "Ngõ loại 1",
                "min": 23.215524324112387,
                "max": 872.8116261305864,
                "mean": 172.77609374110895
            },
            "2": {
                "metadata": "Ngõ loại 2",
                "min": 16.25086702687867,
                "max": 610.9681382914105,
                "mean": 120.94326561877627
            },
            "3": {
                "metadata": "Ngõ loại 3",
                "min": 13.000693621502936,
                "max": 488.7745106331284,
                "mean": 96.75461249502102
            }
        },
        "streetHousePrice": {
            "metadata": "Nhà ở mặt đường",
            "min": 29.652554959644732,
            "max": 1104.0268693044736,
            "mean": 219.5462290393774
        }
    },
    "Hoàng Mai": {
        "alleyHousePrice": {
            "1": {
                "metadata": "Ngõ loại 1",
                "min": 25.930690307274425,
                "max": 493.56230192288007,
                "mean": 111.21998133646294
            },
            "2": {
                "metadata": "Ngõ loại 2",
                "min": 18.151483215092096,
                "max": 345.49361134601605,
                "mean": 77.85398693552405
            },
            "3": {
                "metadata": "Ngõ loại 3",
                "min": 14.521186572073677,
                "max": 276.39488907681283,
                "mean": 62.28318954841924
            }
        },
        "streetHousePrice": {
            "metadata": "Nhà ở mặt đường",
            "min": 34.55690653554252,
            "max": 616.9528774036,
            "mean": 139.4096898101273
        }
    },
    "Bắc Từ Liêm": {
        "alleyHousePrice": {
            "1": {
                "metadata": "Ngõ loại 1",
                "min": 25.937565645247417,
                "max": 404.3867374526802,
                "mean": 89.19169629892224
            },
            "2": {
                "metadata": "Ngõ loại 2",
                "min": 18.15629595167319,
                "max": 283.0707162168761,
                "mean": 62.434187409245546
            },
            "3": {
                "metadata": "Ngõ loại 3",
                "min": 14.525036761338553,
                "max": 226.4565729735009,
                "mean": 49.94734992739645
            }
        },
        "streetHousePrice": {
            "metadata": "Nhà ở mặt đường",
            "min": 35.956106484400316,
            "max": 505.4834218158503,
            "mean": 113.93404308662814
        }
    },
    "Long Biên": {
        "alleyHousePrice": {
            "1": {
                "metadata": "Ngõ loại 1",
                "min": 21.969939433897405,
                "max": 740.7784575562472,
                "mean": 86.04039040342755
            },
            "2": {
                "metadata": "Ngõ loại 2",
                "min": 15.378957603728182,
                "max": 518.544920289373,
                "mean": 60.22827328239928
            },
            "3": {
                "metadata": "Ngõ loại 3",
                "min": 12.303166082982546,
                "max": 414.8359362314984,
                "mean": 48.182618625919424
            }
        },
        "streetHousePrice": {
            "metadata": "Nhà ở mặt đường",
            "min": 29.07361448419916,
            "max": 925.973071945309,
            "mean": 107.926828385916
        }
    },
    "Nam Từ Liêm": {
        "alleyHousePrice": {
            "1": {
                "metadata": "Ngõ loại 1",
                "min": 25.739806039074306,
                "max": 597.9257730746833,
                "mean": 114.1411527949341
            },
            "2": {
                "metadata": "Ngõ loại 2",
                "min": 18.017864227352014,
                "max": 418.5480411522783,
                "mean": 79.89880695645388
            },
            "3": {
                "metadata": "Ngõ loại 3",
                "min": 14.414291381881611,
                "max": 334.8384329218227,
                "mean": 63.919045565163096
            }
        },
        "streetHousePrice": {
            "metadata": "Nhà ở mặt đường",
            "min": 35.039810475330675,
            "max": 747.4072163433541,
            "mean": 142.70458639758934
        }
    },
    "Tây Hồ": {
        "alleyHousePrice": {
            "1": {
                "metadata": "Ngõ loại 1",
                "min": 34.750968266332244,
                "max": 1322.5368542550102,
                "mean": 202.45556186903113
            },
            "2": {
                "metadata": "Ngõ loại 2",
                "min": 24.325677786432568,
                "max": 925.7757979785071,
                "mean": 141.71889330832173
            },
            "3": {
                "metadata": "Ngõ loại 3",
                "min": 19.460542229146057,
                "max": 740.6206383828057,
                "mean": 113.37511464665742
            }
        },
        "streetHousePrice": {
            "metadata": "Nhà ở mặt đường",
            "min": 43.438710332915306,
            "max": 1653.1710678187628,
            "mean": 253.0694523362889
        }
    },
    "Thanh Trì": {
        "alleyHousePrice": {
            "1": {
                "metadata": "Ngõ loại 1",
                "min": 29.400011953434074,
                "max": 388.51403281101324,
                "mean": 77.26157608592825
            },
            "2": {
                "metadata": "Ngõ loại 2",
                "min": 20.58000836740385,
                "max": 271.9598229677093,
                "mean": 54.08310326014978
            },
            "3": {
                "metadata": "Ngõ loại 3",
                "min": 16.46400669392308,
                "max": 217.56785837416743,
                "mean": 43.26648260811982
            }
        },
        "streetHousePrice": {
            "metadata": "Nhà ở mặt đường",
            "min": 36.75001494179259,
            "max": 485.64254101376656,
            "mean": 96.68181143540106
        }
    },
    "Thanh Xuân": {
        "alleyHousePrice": {
            "1": {
                "metadata": "Ngõ loại 1",