{
    "2": 23.752258355733538,
    "4": 14.048421727461278,
    "7": 12.999997877987909,
    "9": 14.924563093280886,
    "11": 17.56406122552048,
    "13": 27.472089918090017,
    "14": 21.269753881225,
    "16": 21.41761912912904,
    "17": 16.290388481866508,
    "20": 21.373171603373727,
    "22": 12.866170117710846,
    "23": 16.03894559461241,
    "25": 24.973390590650602,
    "28": 29.506094873302136
}